name,email,significant other
chuck,chuck@gmail.com,
clint,clint@gmail.com,
rob,rob@gmail.com,kathy
kathy,kathy@gmail.com,rob
hank,hank@gmail.com,sara
sara,sara@gmail.com,hank
paul,paul@gmail.com,gigi
gigi,gigi@gmail.com,paul
veronica,veronica@gmail.com,
steve,steve@gmail.com,
